Date,Name,Year,Letterboxd URI
2018-04-30,A Quiet Place,2018,https://boxd.it/fVJQ
2018-04-30,La La Land,2016,https://boxd.it/a5fa
2018-04-30,The Shape of Water,2017,https://boxd.it/dZ5m
2018-04-30,Pulp Fiction,1994,https://boxd.it/29Pq
2018-04-30,The Dark Knight,2008,https://boxd.it/2b0k
2018-04-30,Interstellar,2014,https://boxd.it/4VZ8
2018-04-30,Inception,2010,https://boxd.it/1skk
2018-04-30,Dunkirk,2017,https://boxd.it/d0Y6
2018-04-30,Her,2013,https://boxd.it/4O24
2018-04-30,Fight Club,1999,https://boxd.it/2a9q
2018-04-30,The Wolf of Wall Street,2013,https://boxd.it/3C1m
2018-04-30,Inglourious Basterds,2009,https://boxd.it/1JzG
2018-04-30,Ex Machina,2015,https://boxd.it/7T2k
2018-04-30,Rogue One: A Star Wars Story,2016,https://boxd.it/aPvy
2018-04-30,Django Unchained,2012,https://boxd.it/2cCk
2018-04-30,Star Wars,1977,https://boxd.it/72s
2018-04-30,Blade Runner,1982,https://boxd.it/2bcA
2018-04-30,Drive,2011,https://boxd.it/IG
2018-04-30,The Shining,1980,https://boxd.it/29Nu
2018-04-30,The Revenant,2015,https://boxd.it/8H5e
2018-04-30,The Godfather,1972,https://boxd.it/2aNK
2018-04-30,Spider-Man: Homecoming,2017,https://boxd.it/aboM
2018-04-30,The Empire Strikes Back,1980,https://boxd.it/27Vw
2018-04-30,Nightcrawler,2014,https://boxd.it/780m
2018-04-30,The Hateful Eight,2015,https://boxd.it/8gw8
2018-04-30,Alien,1979,https://boxd.it/2awY
2018-04-30,2001: A Space Odyssey,1968,https://boxd.it/2bf0
2018-04-30,Kill Bill: Vol. 1,2003,https://boxd.it/70w
2018-04-30,The Lord of the Rings: The Fellowship of the Ring,2001,https://boxd.it/2b5O
2018-04-30,Se7en,1995,https://boxd.it/29zs
2018-04-30,Gravity,2013,https://boxd.it/GZY
2018-04-30,The Silence of the Lambs,1991,https://boxd.it/2aHW
2018-04-30,Back to the Future,1985,https://boxd.it/2b8e
2018-04-30,Jurassic Park,1993,https://boxd.it/2aA2
2018-04-30,The Matrix,1999,https://boxd.it/2a1m
2018-04-30,Taxi Driver,1976,https://boxd.it/2b8y
2018-04-30,No Country for Old Men,2007,https://boxd.it/21ew
2018-04-30,Zootopia,2016,https://boxd.it/84xS
2018-04-30,Harry Potter and the Prisoner of Azkaban,2004,https://boxd.it/29Qy
2018-04-30,Spy,2015,https://boxd.it/71Ks
2018-04-30,Black Swan,2010,https://boxd.it/Sw0
2018-04-30,Forrest Gump,1994,https://boxd.it/728
2018-04-30,Spirited Away,2001,https://boxd.it/2b4m
2018-04-30,The Shawshank Redemption,1994,https://boxd.it/2aHi
2018-04-30,Fargo,1996,https://boxd.it/2aHM
2018-04-30,Reservoir Dogs,1992,https://boxd.it/2agc
2018-04-30,Memento,2000,https://boxd.it/2bcK
2018-04-30,Return of the Jedi,1983,https://boxd.it/27Vm
2018-04-30,The Nice Guys,2016,https://boxd.it/94Hg
2018-04-30,Annihilation,2018,https://boxd.it/9yzm
2018-04-30,GoodFellas,1990,https://boxd.it/29FA
2018-04-30,WALL·E,2008,https://boxd.it/1VEo
2018-04-30,American Beauty,1999,https://boxd.it/71Y
2018-04-30,Donnie Darko,2001,https://boxd.it/2b2A
2018-04-30,The Lord of the Rings: The Return of the King,2003,https://boxd.it/2b5u
2018-04-30,There Will Be Blood,2007,https://boxd.it/20Z2
2018-04-30,Psycho,1960,https://boxd.it/2ab2
2018-04-30,Up,2009,https://boxd.it/1OEc
2018-04-30,Iron Man,2008,https://boxd.it/28dA
2018-04-30,Toy Story,1995,https://boxd.it/29qA
2018-04-30,The Lord of the Rings: The Two Towers,2002,https://boxd.it/2b5E
2018-04-30,Jaws,1975,https://boxd.it/2a5e
2018-04-30,John Wick,2014,https://boxd.it/7dEc
2018-04-30,The Witch,2015,https://boxd.it/9X0m
2018-04-30,The Incredibles,2004,https://boxd.it/1XLm
2018-05-03,Seven Samurai,1954,https://boxd.it/2axi
2018-05-03,Schindler's List,1993,https://boxd.it/2aq2
2018-05-03,Rear Window,1954,https://boxd.it/2a6Q
2018-05-03,City of God,2002,https://boxd.it/2a2a
2018-05-03,M,1931,https://boxd.it/29vq
2018-05-03,Lawrence of Arabia,1962,https://boxd.it/2wRE
2018-05-03,The Thing,1982,https://boxd.it/294O
2018-05-03,Raiders of the Lost Ark,1981,https://boxd.it/2bbs
2018-05-03,Oldboy,2003,https://boxd.it/29R2
2018-05-03,The Handmaiden,2016,https://boxd.it/948A
2018-05-03,Memories of Murder,2003,https://boxd.it/1TSo
2018-05-03,Rashomon,1950,https://boxd.it/2a9K
2018-05-05,Zodiac,2007,https://boxd.it/27MO
2018-05-05,Die Hard,1988,https://boxd.it/2a7u
2018-05-05,Léon: The Professional,1994,https://boxd.it/2b8S
2018-05-05,Shutter Island,2010,https://boxd.it/1U82
2018-05-05,The Imitation Game,2014,https://boxd.it/6aig
2018-05-05,Train to Busan,2016,https://boxd.it/dSQU
2018-09-09,Tarzan,1999,https://boxd.it/18YO
2019-01-13,In the Mouth of Madness,1994,https://boxd.it/26vi
2020-09-06,Chinatown,1974,https://boxd.it/29vU
2020-12-12,The Loudest Voice,2019,https://boxd.it/ol6Q
2020-12-28,Nosferatu,1922,https://boxd.it/29TM
2021-03-07,Sound of Metal,2019,https://boxd.it/i7Q4
2022-06-01,Onibaba,1964,https://boxd.it/252a
2022-07-13,The Lighthouse,2019,https://boxd.it/icFU
2022-07-13,Birdman or (The Unexpected Virtue of Ignorance),2014,https://boxd.it/5RFA
2023-02-07,Babylon,2022,https://boxd.it/mM02
2023-07-15,His Girl Friday,1940,https://boxd.it/25M8
2023-11-20,Greed,1924,https://boxd.it/28Pa
2024-03-04,Dune: Part Two,2024,https://boxd.it/pUfA
