Date,Content
2021-03-16,https://boxd.it/5G81Z
2023-02-07,https://boxd.it/3DUju7
2023-12-01,https://boxd.it/57uJMn
2023-12-01,https://boxd.it/57exjL
2024-01-07,https://boxd.it/5tNDRR
2024-02-08,https://boxd.it/5tpFMr
2024-02-09,https://boxd.it/4MzP6t
2024-02-09,https://boxd.it/57Tc2V
2024-02-09,https://boxd.it/4MTAfZ
2024-02-09,https://boxd.it/4FLd8n
2024-02-10,https://boxd.it/4hxtMJ
2024-02-10,https://boxd.it/4Qn5k7
2024-02-14,https://boxd.it/m7v1B
2024-02-15,https://boxd.it/e1fvB
2024-02-15,https://boxd.it/4gsaCh
2024-02-15,https://boxd.it/4ruIbH
2024-02-15,https://boxd.it/4gnL9B
2024-02-16,https://boxd.it/4s1biV
2024-02-17,https://boxd.it/34YLnV
2024-02-22,https://boxd.it/5QXpdP
2024-02-22,https://boxd.it/5RZeLJ
2024-02-25,https://boxd.it/ikh13
2024-02-25,https://boxd.it/6eM27
2024-02-26,https://boxd.it/5V1vND
2024-02-26,https://boxd.it/5UOqkP
2024-02-29,https://boxd.it/5V5wEv
2024-02-29,https://boxd.it/5V8wWv
2024-03-01,https://boxd.it/2dYsVH
